OSCAR_BEST_PICTURES_0001,"Oscar Best Pictures
2007",No Country for Old Men
OSCAR_BEST_PICTURES_0002,"Oscar Best Pictures
No Country for Old Men",2007
OSCAR_BEST_PICTURES_0003,"Oscar Best Pictures
2019",Parasite
OSCAR_BEST_PICTURES_0004,"Oscar Best Pictures
Parasite",2019
OSCAR_BEST_PICTURES_0005,"Oscar Best Pictures
2023",Oppenheimer
OSCAR_BEST_PICTURES_0006,"Oscar Best Pictures
Oppenheimer",2023
OSCAR_BEST_PICTURES_0007,"Oscar Best Pictures
2008",Slumdog Millionaire
OSCAR_BEST_PICTURES_0008,"Oscar Best Pictures
Slumdog Millionaire",2008
OSCAR_BEST_PICTURES_0009,"Oscar Best Pictures
2017",The Shape of Water
OSCAR_BEST_PICTURES_0010,"Oscar Best Pictures
The Shape of Water",2017
OSCAR_BEST_PICTURES_0011,"Oscar Best Pictures
2005",Crash
OSCAR_BEST_PICTURES_0012,"Oscar Best Pictures
Crash",2005
OSCAR_BEST_PICTURES_0013,"Oscar Best Pictures
2013",12 Years a Slave
OSCAR_BEST_PICTURES_0014,"Oscar Best Pictures
12 Years a Slave",2013
OSCAR_BEST_PICTURES_0015,"Oscar Best Pictures
2010",The King's Speech
OSCAR_BEST_PICTURES_0016,"Oscar Best Pictures
The King's Speech",2010
OSCAR_BEST_PICTURES_0017,"Oscar Best Pictures
2002",Chicago
OSCAR_BEST_PICTURES_0018,"Oscar Best Pictures
Chicago",2002
OSCAR_BEST_PICTURES_0019,"Oscar Best Pictures
2001",A Beautiful Mind
OSCAR_BEST_PICTURES_0020,"Oscar Best Pictures
A Beautiful Mind",2001
OSCAR_BEST_PICTURES_0021,"Oscar Best Pictures
2012",Argo
OSCAR_BEST_PICTURES_0022,"Oscar Best Pictures
Argo",2012
OSCAR_BEST_PICTURES_0023,"Oscar Best Pictures
2004",Million Dollar Baby
OSCAR_BEST_PICTURES_0024,"Oscar Best Pictures
Million Dollar Baby",2004
OSCAR_BEST_PICTURES_0025,"Oscar Best Pictures
2000",Gladiator
OSCAR_BEST_PICTURES_0026,"Oscar Best Pictures
Gladiator",2000
OSCAR_BEST_PICTURES_0027,"Oscar Best Pictures
2020",Nomadland
OSCAR_BEST_PICTURES_0028,"Oscar Best Pictures
Nomadland",2020
OSCAR_BEST_PICTURES_0029,"Oscar Best Pictures
2016",Moonlight
OSCAR_BEST_PICTURES_0030,"Oscar Best Pictures
Moonlight",2016
OSCAR_BEST_PICTURES_0031,"Oscar Best Pictures
2018",Green Book
OSCAR_BEST_PICTURES_0032,"Oscar Best Pictures
Green Book",2018
OSCAR_BEST_PICTURES_0033,"Oscar Best Pictures
2006",The Departed
OSCAR_BEST_PICTURES_0034,"Oscar Best Pictures
The Departed",2006
OSCAR_BEST_PICTURES_0035,"Oscar Best Pictures
2022",Everything Everywhere All at Once
OSCAR_BEST_PICTURES_0036,"Oscar Best Pictures
Everything Everywhere All at Once",2022
OSCAR_BEST_PICTURES_0037,"Oscar Best Pictures
2015",Spotlight
OSCAR_BEST_PICTURES_0038,"Oscar Best Pictures
Spotlight",2015
OSCAR_BEST_PICTURES_0039,"Oscar Best Pictures
2021",CODA
OSCAR_BEST_PICTURES_0040,"Oscar Best Pictures
CODA",2021
OSCAR_BEST_PICTURES_0041,"Oscar Best Pictures
2003",The Lord of the Rings: The Return of the King
OSCAR_BEST_PICTURES_0042,"Oscar Best Pictures
The Lord of the Rings: The Return of the King",2003
OSCAR_BEST_PICTURES_0043,"Oscar Best Pictures
2014",Birdman or (The Unexpected Virtue of Ignorance)
OSCAR_BEST_PICTURES_0044,"Oscar Best Pictures
Birdman or (The Unexpected Virtue of Ignorance)",2014
OSCAR_BEST_PICTURES_0045,"Oscar Best Pictures
2009",The Hurt Locker
OSCAR_BEST_PICTURES_0046,"Oscar Best Pictures
The Hurt Locker",2009
OSCAR_BEST_PICTURES_0047,"Oscar Best Pictures
2011",The Artist
OSCAR_BEST_PICTURES_0048,"Oscar Best Pictures
The Artist",2011
OSCAR_BEST_PICTURES_0049,"Oscar Best Pictures
1988",Rain Man
OSCAR_BEST_PICTURES_0050,"Oscar Best Pictures
Rain Man",1988
OSCAR_BEST_PICTURES_0051,"Oscar Best Pictures
1994",Forrest Gump
OSCAR_BEST_PICTURES_0052,"Oscar Best Pictures
Forrest Gump",1994
OSCAR_BEST_PICTURES_0053,"Oscar Best Pictures
1997",Titanic
OSCAR_BEST_PICTURES_0054,"Oscar Best Pictures
Titanic",1997
OSCAR_BEST_PICTURES_0055,"Oscar Best Pictures
1995",Braveheart
OSCAR_BEST_PICTURES_0056,"Oscar Best Pictures
Braveheart",1995
OSCAR_BEST_PICTURES_0057,"Oscar Best Pictures
1983",Terms of Endearment
OSCAR_BEST_PICTURES_0058,"Oscar Best Pictures
Terms of Endearment",1983
OSCAR_BEST_PICTURES_0059,"Oscar Best Pictures
1986",Platoon
OSCAR_BEST_PICTURES_0060,"Oscar Best Pictures
Platoon",1986
OSCAR_BEST_PICTURES_0061,"Oscar Best Pictures
1985",Out of Africa
OSCAR_BEST_PICTURES_0062,"Oscar Best Pictures
Out of Africa",1985
OSCAR_BEST_PICTURES_0063,"Oscar Best Pictures
1992",Unforgiven
OSCAR_BEST_PICTURES_0064,"Oscar Best Pictures
Unforgiven",1992
OSCAR_BEST_PICTURES_0065,"Oscar Best Pictures
1999",American Beauty
OSCAR_BEST_PICTURES_0066,"Oscar Best Pictures
American Beauty",1999
OSCAR_BEST_PICTURES_0067,"Oscar Best Pictures
1993",Schindler's List
OSCAR_BEST_PICTURES_0068,"Oscar Best Pictures
Schindler's List",1993
OSCAR_BEST_PICTURES_0069,"Oscar Best Pictures
1990",Dances with Wolves
OSCAR_BEST_PICTURES_0070,"Oscar Best Pictures
Dances with Wolves",1990
OSCAR_BEST_PICTURES_0071,"Oscar Best Pictures
1984",Amadeus
OSCAR_BEST_PICTURES_0072,"Oscar Best Pictures
Amadeus",1984
OSCAR_BEST_PICTURES_0073,"Oscar Best Pictures
1982",Gandhi
OSCAR_BEST_PICTURES_0074,"Oscar Best Pictures
Gandhi",1982
OSCAR_BEST_PICTURES_0075,"Oscar Best Pictures
1989",Driving Miss Daisy
OSCAR_BEST_PICTURES_0076,"Oscar Best Pictures
Driving Miss Daisy",1989
OSCAR_BEST_PICTURES_0077,"Oscar Best Pictures
1991",The Silence of the Lambs
OSCAR_BEST_PICTURES_0078,"Oscar Best Pictures
The Silence of the Lambs",1991
OSCAR_BEST_PICTURES_0079,"Oscar Best Pictures
1981",Chariots of Fire
OSCAR_BEST_PICTURES_0080,"Oscar Best Pictures
Chariots of Fire",1981
OSCAR_BEST_PICTURES_0081,"Oscar Best Pictures
1998",Shakespeare in Love
OSCAR_BEST_PICTURES_0082,"Oscar Best Pictures
Shakespeare in Love",1998
OSCAR_BEST_PICTURES_0083,"Oscar Best Pictures
1996",The English Patient
OSCAR_BEST_PICTURES_0084,"Oscar Best Pictures
The English Patient",1996
OSCAR_BEST_PICTURES_0085,"Oscar Best Pictures
1987",The Last Emperor
OSCAR_BEST_PICTURES_0086,"Oscar Best Pictures
The Last Emperor",1987
OSCAR_BEST_PICTURES_0087,"Oscar Best Pictures
1980",Ordinary People
OSCAR_BEST_PICTURES_0088,"Oscar Best Pictures
Ordinary People",1980
OSCAR_BEST_PICTURES_0089,"Oscar Best Pictures
1979",Kramer vs. Kramer
OSCAR_BEST_PICTURES_0090,"Oscar Best Pictures
Kramer vs. Kramer",1979
OSCAR_BEST_PICTURES_0091,"Oscar Best Pictures
1978",The Deer Hunter
OSCAR_BEST_PICTURES_0092,"Oscar Best Pictures
The Deer Hunter",1978
OSCAR_BEST_PICTURES_0093,"Oscar Best Pictures
1977",Annie Hall
OSCAR_BEST_PICTURES_0094,"Oscar Best Pictures
Annie Hall",1977
OSCAR_BEST_PICTURES_0095,"Oscar Best Pictures
1976",Rocky
OSCAR_BEST_PICTURES_0096,"Oscar Best Pictures
Rocky",1976
OSCAR_BEST_PICTURES_0097,"Oscar Best Pictures
1975",One Flew Over the Cuckoo's Nest
OSCAR_BEST_PICTURES_0098,"Oscar Best Pictures
One Flew Over the Cuckoo's Nest",1975
OSCAR_BEST_PICTURES_0099,"Oscar Best Pictures
1974",The Godfather Part II
OSCAR_BEST_PICTURES_0100,"Oscar Best Pictures
The Godfather Part II",1974
OSCAR_BEST_PICTURES_0101,"Oscar Best Pictures
1973",The Sting
OSCAR_BEST_PICTURES_0102,"Oscar Best Pictures
The Sting",1973
OSCAR_BEST_PICTURES_0103,"Oscar Best Pictures
1972",The Godfather
OSCAR_BEST_PICTURES_0104,"Oscar Best Pictures
The Godfather",1972
OSCAR_BEST_PICTURES_0105,"Oscar Best Pictures
1971",The French Connection
OSCAR_BEST_PICTURES_0106,"Oscar Best Pictures
The French Connection",1971
OSCAR_BEST_PICTURES_0107,"Oscar Best Pictures
1970",Patton
OSCAR_BEST_PICTURES_0108,"Oscar Best Pictures
Patton",1970
OSCAR_BEST_PICTURES_0109,"Oscar Best Pictures
2024",Anora
OSCAR_BEST_PICTURES_0110,"Oscar Best Pictures
Anora",2024
OSCAR_BEST_PICTURES_0111,"Oscar Best Pictures
1969",Midnight Cowboy
OSCAR_BEST_PICTURES_0112,"Oscar Best Pictures
Midnight Cowboy",1969
OSCAR_BEST_PICTURES_0113,"Oscar Best Pictures
1968",Oliver!
OSCAR_BEST_PICTURES_0114,"Oscar Best Pictures
Oliver!",1968
OSCAR_BEST_PICTURES_0115,"Oscar Best Pictures
1967",In the Heat of the Night
OSCAR_BEST_PICTURES_0116,"Oscar Best Pictures
In the Heat of the Night",1967
OSCAR_BEST_PICTURES_0117,"Oscar Best Pictures
1966",A Man for All Seasons
OSCAR_BEST_PICTURES_0118,"Oscar Best Pictures
A Man for All Seasons",1966
OSCAR_BEST_PICTURES_0119,"Oscar Best Pictures
1965",The Sound of Music
OSCAR_BEST_PICTURES_0120,"Oscar Best Pictures
The Sound of Music",1965
OSCAR_BEST_PICTURES_0121,"Oscar Best Pictures
1964",My Fair Lady
OSCAR_BEST_PICTURES_0122,"Oscar Best Pictures
My Fair Lady",1964
OSCAR_BEST_PICTURES_0123,"Oscar Best Pictures
1963",Tom Jones
OSCAR_BEST_PICTURES_0124,"Oscar Best Pictures
Tom Jones",1963
OSCAR_BEST_PICTURES_0125,"Oscar Best Pictures
1962",Lawrence of Arabia
OSCAR_BEST_PICTURES_0126,"Oscar Best Pictures
Lawrence of Arabia",1962
OSCAR_BEST_PICTURES_0127,"Oscar Best Pictures
1961",West Side Story
OSCAR_BEST_PICTURES_0128,"Oscar Best Pictures
West Side Story",1961
OSCAR_BEST_PICTURES_0129,"Oscar Best Pictures
1960",The Apartment
OSCAR_BEST_PICTURES_0130,"Oscar Best Pictures
The Apartment",1960
OSCAR_BEST_PICTURES_0131,"Oscar Best Pictures
1959",Ben-Hur
OSCAR_BEST_PICTURES_0132,"Oscar Best Pictures
Ben-Hur",1959
OSCAR_BEST_PICTURES_0133,"Oscar Best Pictures
1958",Gigi
OSCAR_BEST_PICTURES_0134,"Oscar Best Pictures
Gigi",1958
OSCAR_BEST_PICTURES_0135,"Oscar Best Pictures
1957",The Bridge on the River Kwai
OSCAR_BEST_PICTURES_0136,"Oscar Best Pictures
The Bridge on the River Kwai",1957
OSCAR_BEST_PICTURES_0137,"Oscar Best Pictures
1956",Around the World in 80 Days
OSCAR_BEST_PICTURES_0138,"Oscar Best Pictures
Around the World in 80 Days",1956
OSCAR_BEST_PICTURES_0139,"Oscar Best Pictures
1955",Marty
OSCAR_BEST_PICTURES_0140,"Oscar Best Pictures
Marty",1955
OSCAR_BEST_PICTURES_0141,"Oscar Best Pictures
1954",On the Waterfront
OSCAR_BEST_PICTURES_0142,"Oscar Best Pictures
On the Waterfront",1954
OSCAR_BEST_PICTURES_0143,"Oscar Best Pictures
1953",From Here to Eternity
OSCAR_BEST_PICTURES_0144,"Oscar Best Pictures
From Here to Eternity",1953
OSCAR_BEST_PICTURES_0145,"Oscar Best Pictures
1952",The Greatest Show on Earth
OSCAR_BEST_PICTURES_0146,"Oscar Best Pictures
The Greatest Show on Earth",1952
OSCAR_BEST_PICTURES_0147,"Oscar Best Pictures
1951",An American in Paris
OSCAR_BEST_PICTURES_0148,"Oscar Best Pictures
An American in Paris",1951
OSCAR_BEST_PICTURES_0149,"Oscar Best Pictures
1950",All About Eve
OSCAR_BEST_PICTURES_0150,"Oscar Best Pictures
All About Eve",1950
OSCAR_BEST_PICTURES_0151,"Oscar Best Pictures
2025",One Battle After Another
OSCAR_BEST_PICTURES_0152,"Oscar Best Pictures
One Battle After Another",2025
