SHAKESPEARE_WORKS_0001,"Shakespeare Works
Tragedy
1606-1607",Antony and Cleopatra
SHAKESPEARE_WORKS_0002,"Shakespeare Works
Antony and Cleopatra","Tragedy
1606-1607"
SHAKESPEARE_WORKS_0003,"Shakespeare Works
Tragedy
1607-1608 (1/2)",Coriolanus
SHAKESPEARE_WORKS_0004,"Shakespeare Works
Coriolanus","Tragedy
1607-1608 (1/2)"
SHAKESPEARE_WORKS_0005,"Shakespeare Works
Tragedy
1600-1601",Hamlet
SHAKESPEARE_WORKS_0006,"Shakespeare Works
Hamlet","Tragedy
1600-1601"
SHAKESPEARE_WORKS_0007,"Shakespeare Works
Tragedy
1599-1600",Julius Caesar
SHAKESPEARE_WORKS_0008,"Shakespeare Works
Julius Caesar","Tragedy
1599-1600"
SHAKESPEARE_WORKS_0009,"Shakespeare Works
Tragedy
1605-1606 (1/2)",King Lear
SHAKESPEARE_WORKS_0010,"Shakespeare Works
King Lear","Tragedy
1605-1606 (1/2)"
SHAKESPEARE_WORKS_0011,"Shakespeare Works
Tragedy
1605-1606 (2/2)",Macbeth
SHAKESPEARE_WORKS_0012,"Shakespeare Works
Macbeth","Tragedy
1605-1606 (2/2)"
SHAKESPEARE_WORKS_0013,"Shakespeare Works
Tragedy
1604-1605",Othello
SHAKESPEARE_WORKS_0014,"Shakespeare Works
Othello","Tragedy
1604-1605"
SHAKESPEARE_WORKS_0015,"Shakespeare Works
Tragedy
1594-1595",Romeo and Juliet
SHAKESPEARE_WORKS_0016,"Shakespeare Works
Romeo and Juliet","Tragedy
1594-1595"
SHAKESPEARE_WORKS_0017,"Shakespeare Works
Tragedy
1607-1608 (2/2)",Timon of Athens
SHAKESPEARE_WORKS_0018,"Shakespeare Works
Timon of Athens","Tragedy
1607-1608 (2/2)"
SHAKESPEARE_WORKS_0019,"Shakespeare Works
Tragedy
1593-1594",Titus Andronicus
SHAKESPEARE_WORKS_0020,"Shakespeare Works
Titus Andronicus","Tragedy
1593-1594"
SHAKESPEARE_WORKS_0021,"Shakespeare Works
Tragedy
1601-1602",Troilus and Cressida
SHAKESPEARE_WORKS_0022,"Shakespeare Works
Troilus and Cressida","Tragedy
1601-1602"
SHAKESPEARE_WORKS_0023,"Shakespeare Works
Comedy
1602-1603",All's Well That Ends Well
SHAKESPEARE_WORKS_0024,"Shakespeare Works
All's Well That Ends Well","Comedy
1602-1603"
SHAKESPEARE_WORKS_0025,"Shakespeare Works
Comedy
1599-1600 (1/2)",As You Like It
SHAKESPEARE_WORKS_0026,"Shakespeare Works
As You Like It","Comedy
1599-1600 (1/2)"
SHAKESPEARE_WORKS_0027,"Shakespeare Works
Comedy
1592-1593",The Comedy of Errors
SHAKESPEARE_WORKS_0028,"Shakespeare Works
The Comedy of Errors","Comedy
1592-1593"
SHAKESPEARE_WORKS_0029,"Shakespeare Works
Comedy
1609-1610",Cymbeline
SHAKESPEARE_WORKS_0030,"Shakespeare Works
Cymbeline","Comedy
1609-1610"
SHAKESPEARE_WORKS_0031,"Shakespeare Works
Comedy
1594-1595 (1/2)",Love's Labours Lost
SHAKESPEARE_WORKS_0032,"Shakespeare Works
Love's Labours Lost","Comedy
1594-1595 (1/2)"
SHAKESPEARE_WORKS_0033,"Shakespeare Works
Comedy
1604-1605",Measure for Measure
SHAKESPEARE_WORKS_0034,"Shakespeare Works
Measure for Measure","Comedy
1604-1605"
SHAKESPEARE_WORKS_0035,"Shakespeare Works
Comedy
1596-1597",The Merchant of Venice
SHAKESPEARE_WORKS_0036,"Shakespeare Works
The Merchant of Venice","Comedy
1596-1597"
SHAKESPEARE_WORKS_0037,"Shakespeare Works
Comedy
1600-1601",The Merry Wives of Windsor
SHAKESPEARE_WORKS_0038,"Shakespeare Works
The Merry Wives of Windsor","Comedy
1600-1601"
SHAKESPEARE_WORKS_0039,"Shakespeare Works
Comedy
1595-1596",A Midsummer Night's Dream
SHAKESPEARE_WORKS_0040,"Shakespeare Works
A Midsummer Night's Dream","Comedy
1595-1596"
SHAKESPEARE_WORKS_0041,"Shakespeare Works
Comedy
1598-1599",Much Ado About Nothing
SHAKESPEARE_WORKS_0042,"Shakespeare Works
Much Ado About Nothing","Comedy
1598-1599"
SHAKESPEARE_WORKS_0043,"Shakespeare Works
Comedy
1608-1609","Pericles, Prince of Tyre"
SHAKESPEARE_WORKS_0044,"Shakespeare Works
Pericles, Prince of Tyre","Comedy
1608-1609"
SHAKESPEARE_WORKS_0045,"Shakespeare Works
Comedy
1593-1594",The Taming of the Shrew
SHAKESPEARE_WORKS_0046,"Shakespeare Works
The Taming of the Shrew","Comedy
1593-1594"
SHAKESPEARE_WORKS_0047,"Shakespeare Works
Comedy
1611-1612",The Tempest
SHAKESPEARE_WORKS_0048,"Shakespeare Works
The Tempest","Comedy
1611-1612"
SHAKESPEARE_WORKS_0049,"Shakespeare Works
Comedy
1599-1600 (2/2)",Twelfth Night
SHAKESPEARE_WORKS_0050,"Shakespeare Works
Twelfth Night","Comedy
1599-1600 (2/2)"
SHAKESPEARE_WORKS_0051,"Shakespeare Works
Comedy
1594-1595 (2/2)",Two Gentlemen of Verona
SHAKESPEARE_WORKS_0052,"Shakespeare Works
Two Gentlemen of Verona","Comedy
1594-1595 (2/2)"
SHAKESPEARE_WORKS_0053,"Shakespeare Works
Comedy
1612-1613",The Two Noble Kinsmen
SHAKESPEARE_WORKS_0054,"Shakespeare Works
The Two Noble Kinsmen","Comedy
1612-1613"
SHAKESPEARE_WORKS_0055,"Shakespeare Works
Comedy
1610-1611",The Winter's Tale
SHAKESPEARE_WORKS_0056,"Shakespeare Works
The Winter's Tale","Comedy
1610-1611"
SHAKESPEARE_WORKS_0057,"Shakespeare Works
History
1597-1598 (1/2)","Henry IV, Part 1"
SHAKESPEARE_WORKS_0058,"Shakespeare Works
Henry IV, Part 1","History
1597-1598 (1/2)"
SHAKESPEARE_WORKS_0059,"Shakespeare Works
History
1597-1598 (2/2)","Henry IV, Part 2"
SHAKESPEARE_WORKS_0060,"Shakespeare Works
Henry IV, Part 2","History
1597-1598 (2/2)"
SHAKESPEARE_WORKS_0061,"Shakespeare Works
History
1598-1599",Henry V
SHAKESPEARE_WORKS_0062,"Shakespeare Works
Henry V","History
1598-1599"
SHAKESPEARE_WORKS_0063,"Shakespeare Works
History
1591-1592 (1/3)","Henry VI, Part 1"
SHAKESPEARE_WORKS_0064,"Shakespeare Works
Henry VI, Part 1","History
1591-1592 (1/3)"
SHAKESPEARE_WORKS_0065,"Shakespeare Works
History
1591-1592 (2/3)","Henry VI, Part 2"
SHAKESPEARE_WORKS_0066,"Shakespeare Works
Henry VI, Part 2","History
1591-1592 (2/3)"
SHAKESPEARE_WORKS_0067,"Shakespeare Works
History
1591-1592 (3/3)","Henry VI, Part 3"
SHAKESPEARE_WORKS_0068,"Shakespeare Works
Henry VI, Part 3","History
1591-1592 (3/3)"
SHAKESPEARE_WORKS_0069,"Shakespeare Works
History
1612-1613",Henry VIII
SHAKESPEARE_WORKS_0070,"Shakespeare Works
Henry VIII","History
1612-1613"
SHAKESPEARE_WORKS_0071,"Shakespeare Works
History
1596-1597",King John
SHAKESPEARE_WORKS_0072,"Shakespeare Works
King John","History
1596-1597"
SHAKESPEARE_WORKS_0073,"Shakespeare Works
History
1595-1596",Richard II
SHAKESPEARE_WORKS_0074,"Shakespeare Works
Richard II","History
1595-1596"
SHAKESPEARE_WORKS_0075,"Shakespeare Works
History
1592-1593",Richard III
SHAKESPEARE_WORKS_0076,"Shakespeare Works
Richard III","History
1592-1593"
SHAKESPEARE_WORKS_0077,"Shakespeare Works
History
1592-1594",Edward III
SHAKESPEARE_WORKS_0078,"Shakespeare Works
Edward III","History
1592-1594"
